{"schemaVersion":"1.0","appDefinitionTemplate":{"id":"/providers/Microsoft.PowerApps/apps/","type":"Microsoft.PowerApps/apps","tags":{"minimumRequiredApiVersion":"2.2.0"},"properties":{"appVersion":"2018-11-24T13:48:56Z","lifeCycleId":"Published","createdByClientVersion":{"major":3,"minor":18111,"build":15,"revision":0,"majorRevision":0,"minorRevision":0},"minClientVersion":{"major":3,"minor":18111,"build":15,"revision":0,"majorRevision":0,"minorRevision":0},"backgroundColor":"rgba(0, 176, 240, 1)","backgroundImageUri":"/3145961055725120313/N4bf652c4-12c4-4b62-a5fc-548f90faee08-logoSmallFile","displayName":"Ease Animations","description":"","appUris":{"documentUri":{"value":"/3145961055725120313/N0dfc7f36-2d44-47cb-90db-8e1fc91174ce-document.msapp","readonlyValue":"/3145961055725120313/N0dfc7f36-2d44-47cb-90db-8e1fc91174ce-document.msapp"},"imageUris":[]},"createdTime":"0001-01-01T00:00:00Z","lastModifiedTime":"0001-01-01T00:00:00Z","sharedGroupsCount":0,"sharedUsersCount":0,"icons":{"smallIconUri":"/3145961055725120313/N101cc4c7-c7eb-4542-af5b-db66157c6412-small.png","mediumIconUri":"/3145961055725120313/Nf3d7c547-9191-4172-ae0d-25eacee9f56a-medium.png","largeIconUri":"/3145961055725120313/N94066704-6389-4a5d-8edb-be5c5e1a859b-large.png","wideIconUri":"/3145961055725120313/N2d4b33b0-7370-499c-a2fc-b2ddd222a0b3-wide.png"},"connectionReferences":{},"almMode":"Environment"}}}